{
	"strEnterTitleForTextQuestion" : "Enter title for <b>text</b> question",
	"strEnterTitleForNumericQuestion" : "Enter title for <b>numeric</b> question",
	"strEnterTitleForImageQuestion" : "Enter title for <b>image</b> question",
	"strEnterTitleForSingleSelectQuestion" : "Enter title for <b>single select</b> question",
	"strAddOptionsForSingleSelectQuestion" : "Add options for <b>single select</b> question",
	"addmoreOptions" : "Add more options",
	"strEnterTitleForMultiSelectQuestion" : "Enter title for <b>multi select</b> question",
	"strAddOptionsForMultiSelectQuestion" : "Add options for <b>multi select</b> question",
	"strSubmitFormLabel" : "SUBMIT FORM",
	"strSendResponseLabel" : "SEND RESPONSE",
	"strTapToEnter" : "Tap to enter",
	"strMiniAppTitle" : "Report Interface",
	"strMiniAppHeaderTimeLabel": "Created by you at {0}"
}