{
    "schemaVersion": 1,
    "schema": {
        "type": "container",
        "layout": "vertical",
        "children": [{
               "type": "text",
               "textAlignment": "center",
               "string": "Vendor Onboarding",
               "fontSize": 18,
               "backgroundColor":"#FFDB00",
               "fontStyle": "bold",
               "textColor": "#000000",
               "paddingLeft":10,
               "paddingRight":10,
               "paddingTop":10,
               "paddingBottom":10,
               "marginBottom": 10
            },
            {
               "type":"text",
                "paddingLeft":10,
                "paddingRight":10,
                "string":"${Form.properties[customername].value}",
                "fontSize":16,
                "fontStyle":"regular",
                "textColor":"#000000",
                "backgroundColor":"#ffffff",
                "textAlignment":"left",
                "maxNumberOfLines":5,
                "marginBottom":10
            },
            {
                "type":"text",
                "paddingLeft":10,
                "paddingRight":10,
                "string":"${Form.properties[ticketnumber].value}",
                "fontSize":16,
                "fontStyle":"regular",
                "textColor":"#000000",
                "backgroundColor":"#ffffff",
                "textAlignment":"left",
                "maxNumberOfLines":2,
                "marginBottom":10
            },
            {
                "type":"text",
                "paddingLeft":10,
                "paddingRight":10,
                "string":"${Form.properties[ticketstatus].value}",
                "fontSize":16,
                "fontStyle":"regular",
                "textColor":"#000000",
                "backgroundColor":"#ffffff",
                "textAlignment":"left",
                "maxNumberOfLines":2,
                "marginBottom":10
            },
            {
                "type": "container",
                "layout": "vertical",
                "marginLeft": 50,
                "marginRight": 5,
                "children": [{
                    "type": "container",
                    "layout": "horizontal",
                    "children":[{
                        "type": "image",
                        "height": 20,
                        "width": 15,
                        "marginLeft": 5,
                        "marginRight": 5,
                        "verticalAlignment": "center",
                        "source": "${Form.properties[step1-status].value}",
                        "contentMode": "aspectFit"
                    },
                    {
                        "type":"text",
                        "height":25,
                        "string":"${Form.properties[step1].value}",
                        "fontSize": 16,
                        "textColor":"#667787",
                        "marginBottom":5
                    }]
                },
                {
                    "type": "container",
                    "layout": "horizontal",
                    "children":[{
                        "type": "image",
                        "height": 20,
                        "width": 15,
                        "marginLeft": 5,
                        "marginRight": 5,
                        "verticalAlignment": "center",
                        "source": "${Form.properties[step2-status].value}",
                        "contentMode": "aspectFit"
                    },
                    {
                        "type":"text",
                        "height":25,
                        "string":"${Form.properties[step2].value}",
                        "fontSize": 16,
                        "textColor":"#667787",
                        "marginBottom":5
                    }]
                },
                {
                    "type": "container",
                    "layout": "horizontal",
                    "children":[{
                        "type": "image",
                        "height": 20,
                        "width": 15,
                        "marginLeft": 5,
                        "marginRight": 5,
                        "verticalAlignment": "center",
                        "source": "${Form.properties[step3-status].value}",
                        "contentMode": "aspectFit"
                    },
                    {
                        "type":"text",
                        "height":25,
                        "string":"${Form.properties[step3].value}",
                        "fontSize": 16,
                        "textColor":"#667787",
                        "marginBottom":5
                    }]
                },
                {
                    "type": "container",
                    "layout": "horizontal",
                    "children":[{
                        "type": "image",
                        "height": 20,
                        "width": 15,
                        "marginLeft": 5,
                        "marginRight": 5,
                        "verticalAlignment": "center",
                        "source": "${Form.properties[step4-status].value}",
                        "contentMode": "aspectFit"
                    },
                    {
                        "type":"text",
                        "height":25,
                        "string":"${Form.properties[step4].value}",
                        "fontSize": 16,
                        "textColor":"#667787",
                        "marginBottom":5
                    }]
                }]
            }
        ]
    }
}        
            

